model,gene,auroc
logistic_regression,ABCA1,0.7912178956089478
logistic_regression,ABCA12,0.7219770520741394
logistic_regression,ABCC2,0.7466063348416291
logistic_regression,ABCC8,0.7914494264859229
logistic_regression,ACP5,0.8166666666666667
logistic_regression,ADA2,0.8333333333333334
logistic_regression,ADGRV1,0.7817275747508305
logistic_regression,AGBL5,0.8
logistic_regression,ALDH18A1,0.6141304347826086
logistic_regression,ALDH3A2,0.8598484848484849
logistic_regression,ALDH5A1,0.6706689536878216
logistic_regression,ALDH7A1,0.746031746031746
logistic_regression,ALOX12B,0.6
logistic_regression,ALS2,0.9444444444444444
logistic_regression,AMH,0.7566137566137566
logistic_regression,AMT,0.676470588235294
logistic_regression,ANO10,0.8400000000000001
logistic_regression,APOB,0.5251710654936461
logistic_regression,ARID1A,0.8185328185328185
logistic_regression,ARSG,0.8333333333333334
logistic_regression,ASL,0.8103092783505155
logistic_regression,ATP2B3,0.5636363636363637
logistic_regression,AVP,0.9333333333333333
logistic_regression,BBS10,0.7925925925925926
logistic_regression,BCL11B,0.8202959830866807
logistic_regression,BRAF,0.8407407407407408
logistic_regression,BRF1,0.875
logistic_regression,C3,0.7532467532467533
logistic_regression,CACNA1A,0.8960420531849105
logistic_regression,CAMK2B,0.804
logistic_regression,CAPN3,0.6977886977886978
logistic_regression,CARD11,0.9141666666666668
logistic_regression,CASQ2,0.7592592592592593
logistic_regression,CDH23,0.8155655655655656
logistic_regression,CDK13,0.8436522826766729
logistic_regression,CDKN2A,0.8285714285714286
logistic_regression,CELSR3,0.6097560975609756
logistic_regression,CERKL,0.875
logistic_regression,CHD2,0.8331932773109244
logistic_regression,CHD4,0.8825031928480205
logistic_regression,CHD5,0.876984126984127
logistic_regression,CIT,0.9333333333333333
logistic_regression,CNOT3,0.9572649572649574
logistic_regression,COL10A1,0.8351449275362319
logistic_regression,COL12A1,0.7552910052910053
logistic_regression,COL1A1,0.7800132598939208
logistic_regression,COL2A1,0.8064560439560441
logistic_regression,COL3A1,0.9003860276810093
logistic_regression,COL5A2,0.8582903040734366
logistic_regression,COLQ,0.7066666666666667
logistic_regression,COPA,0.6599999999999999
logistic_regression,COX10,0.7755102040816326
logistic_regression,CRPPA,0.6031746031746033
logistic_regression,CTNS,0.7240259740259741
logistic_regression,CTR9,0.7487179487179487
logistic_regression,CUL7,0.9600000000000001
logistic_regression,CYFIP2,0.7424242424242424
logistic_regression,CYP26B1,0.690909090909091
logistic_regression,CYP4V2,0.863095238095238
logistic_regression,DCTN1,0.9338235294117647
logistic_regression,DHCR7,0.8230994152046783
logistic_regression,DLL4,0.9241071428571428
logistic_regression,DNAAF3,0.5324675324675324
logistic_regression,DNAI1,0.8232323232323232
logistic_regression,DNM1,0.7906178489702517
logistic_regression,DNMT3A,0.9640625
logistic_regression,DNMT3B,0.8187134502923976
logistic_regression,DOT1L,0.7714285714285714
logistic_regression,DSG2,0.7073170731707317
logistic_regression,DYNC2I2,0.5432098765432098
logistic_regression,EBF3,0.7595744680851064
logistic_regression,EDAR,0.8508771929824561
logistic_regression,ELAC2,0.824074074074074
logistic_regression,ELANE,0.8125
logistic_regression,ENG,0.800950486295314
logistic_regression,ENPP1,0.837037037037037
logistic_regression,EP300,0.8013754411365487
logistic_regression,ERCC5,0.8666666666666667
logistic_regression,EYA1,0.956140350877193
logistic_regression,EZH2,0.8654970760233918
logistic_regression,F11,0.8168103448275862
logistic_regression,F5,0.8295454545454546
logistic_regression,F8,0.8013753398368783
logistic_regression,FAM20C,0.9025641025641027
logistic_regression,FANCI,0.8074534161490683
logistic_regression,FARS2,0.8111888111888113
logistic_regression,FECH,0.8928571428571428
logistic_regression,FGFR1,0.9083820662768032
logistic_regression,FLCN,0.8630952380952381
logistic_regression,FN1,0.9566003616636527
logistic_regression,FOXH1,0.8055555555555555
logistic_regression,FOXP1,0.7530791788856305
logistic_regression,FRMD7,0.8513931888544892
logistic_regression,FUS,0.8166666666666667
logistic_regression,GABRG2,0.7886178861788619
logistic_regression,GCDH,0.7174418604651163
logistic_regression,GFAP,0.8616915422885572
logistic_regression,GJA3,0.9390681003584229
logistic_regression,GJB3,0.58
logistic_regression,GLUD1,0.5634920634920635
logistic_regression,GNAI1,0.68
logistic_regression,GNAS,0.8296703296703296
logistic_regression,GPI,0.5098039215686274
logistic_regression,GPR143,0.803030303030303
logistic_regression,GRIA3,0.6369047619047619
logistic_regression,GRIN1,0.6949910554561717
logistic_regression,GUCY2C,0.638888888888889
logistic_regression,HBA1,0.6458333333333333
logistic_regression,HCN4,0.962962962962963
logistic_regression,HECW2,0.8013698630136986
logistic_regression,HNF1A,0.7298507462686568
logistic_regression,HNRNPK,0.7545454545454546
logistic_regression,HSD3B2,0.7763975155279503
logistic_regression,HTRA1,0.7789473684210526
logistic_regression,IARS1,0.9025974025974025
logistic_regression,IDUA,0.8151815181518152
logistic_regression,IFT122,0.9757575757575758
logistic_regression,IGF1R,0.8941176470588236
logistic_regression,INF2,0.8880916030534352
logistic_regression,JAK3,0.7905138339920948
logistic_regression,KCNC3,0.6973684210526316
logistic_regression,KCND3,0.9125
logistic_regression,KCNJ11,0.6536585365853659
logistic_regression,KCNJ5,0.7916666666666667
logistic_regression,KCNQ3,0.7696969696969698
logistic_regression,KIF11,0.6745689655172414
logistic_regression,KRT6A,0.9329004329004329
logistic_regression,LCAT,0.6699999999999999
logistic_regression,LDLR,0.790566037735849
logistic_regression,LIPA,0.6297117516629711
logistic_regression,LOX,0.7571428571428571
logistic_regression,LPAR6,0.75
logistic_regression,LRRK2,0.692857142857143
logistic_regression,LRSAM1,0.86
logistic_regression,LYST,1.0
logistic_regression,MAP3K7,0.8472222222222222
logistic_regression,MBTPS1,0.7384615384615385
logistic_regression,MC2R,0.6140350877192983
logistic_regression,MEGF10,0.9666666666666668
logistic_regression,MEN1,0.8275862068965517
logistic_regression,MFN2,0.6941176470588235
logistic_regression,MFRP,0.68
logistic_regression,MITF,0.9304347826086956
logistic_regression,MNX1,0.725
logistic_regression,MTRR,0.7631578947368421
logistic_regression,MTTP,0.9473684210526316
logistic_regression,MYH2,0.8909090909090909
logistic_regression,MYO6,0.734375
logistic_regression,MYOC,0.9153846153846154
logistic_regression,MYOT,0.3428571428571429
logistic_regression,MYRF,0.7936507936507937
logistic_regression,NDUFA10,0.761904761904762
logistic_regression,NFKBIA,0.5
logistic_regression,NLRP1,0.6162162162162161
logistic_regression,NOTCH2,0.8214285714285714
logistic_regression,NR2E3,0.8290598290598292
logistic_regression,NR2F1,0.7266313932980599
logistic_regression,NR4A2,0.8612440191387559
logistic_regression,NTRK1,0.7424242424242424
logistic_regression,NUP107,0.888888888888889
logistic_regression,OSMR,0.62
logistic_regression,PAK1,0.7130434782608696
logistic_regression,PCSK9,0.5641025641025641
logistic_regression,PDE6B,0.84375
logistic_regression,PDHA1,0.8597883597883598
logistic_regression,PEX6,0.7289002557544757
logistic_regression,PGAP3,0.7777777777777778
logistic_regression,PGK1,0.7222222222222223
logistic_regression,PHIP,0.7660010240655402
logistic_regression,PIGS,0.8153846153846154
logistic_regression,PIGW,0.5
logistic_regression,PMP2,0.7999999999999999
logistic_regression,PNPT1,0.9145299145299145
logistic_regression,POGZ,0.8611111111111112
logistic_regression,POLRMT,0.81203007518797
logistic_regression,POMT2,0.9305555555555556
logistic_regression,PPA2,0.6904761904761906
logistic_regression,PQBP1,0.7
logistic_regression,PRKCG,0.9882352941176471
logistic_regression,PRMT7,0.8375
logistic_regression,PRPH2,0.8544973544973545
logistic_regression,PTCH1,0.9037433155080214
logistic_regression,PTPN11,0.7630853994490359
logistic_regression,PUS7,0.92
logistic_regression,RAB3GAP2,0.9076923076923076
logistic_regression,RAG2,0.82996632996633
logistic_regression,RAI1,0.5570193495265541
logistic_regression,RALA,0.6666666666666666
logistic_regression,RDH5,0.9102564102564104
logistic_regression,RHO,0.7292626728110598
logistic_regression,RMND1,0.7045454545454545
logistic_regression,RTEL1,0.77
logistic_regression,SCN1A,0.8135343005030254
logistic_regression,SCNN1B,0.5277777777777778
logistic_regression,SETD1A,0.6080459770114943
logistic_regression,SETD2,0.8556473829201102
logistic_regression,SH3TC2,0.764957264957265
logistic_regression,SHANK3,0.7522727272727273
logistic_regression,SHH,0.6534090909090909
logistic_regression,SLC20A2,0.7864583333333334
logistic_regression,SLC25A46,0.8148148148148149
logistic_regression,SLC2A1,0.644927536231884
logistic_regression,SLC2A2,0.7792207792207793
logistic_regression,SLC34A3,0.7508771929824561
logistic_regression,SLC38A8,0.8775510204081632
logistic_regression,SLC40A1,0.8848684210526316
logistic_regression,SLC52A3,0.8395061728395061
logistic_regression,SLC6A5,0.8393939393939394
logistic_regression,SMC3,0.814
logistic_regression,SNAP25,0.7142857142857142
logistic_regression,SOX6,0.7569444444444445
logistic_regression,SOX9,0.8952380952380953
logistic_regression,SPG11,0.7222222222222221
logistic_regression,SPG7,0.8833333333333333
logistic_regression,SPINT2,0.8571428571428572
logistic_regression,STAG1,0.8564814814814815
logistic_regression,STAG2,0.7214285714285715
logistic_regression,STAT6,0.9333333333333333
logistic_regression,SUMF1,0.7314814814814814
logistic_regression,SYNGAP1,0.8592786885245901
logistic_regression,TAOK1,0.8148148148148149
logistic_regression,TARS2,0.84375
logistic_regression,TEK,0.8812260536398466
logistic_regression,TFR2,0.9327731092436975
logistic_regression,TGFB2,0.7619047619047619
logistic_regression,THOC2,0.8666666666666667
logistic_regression,TJP2,0.53125
logistic_regression,TMEM231,0.5882352941176471
logistic_regression,TP63,0.8079545454545455
logistic_regression,TRAF7,0.6118421052631579
logistic_regression,TRIO,0.7557932263814617
logistic_regression,TRPV3,0.968
logistic_regression,TSC1,0.9548229548229548
logistic_regression,TSHR,0.7492063492063492
logistic_regression,VARS1,0.6153846153846154
logistic_regression,VPS13D,0.5880952380952381
logistic_regression,WAS,0.8859126984126984
logistic_regression,WASHC5,0.8500000000000001
logistic_regression,WDR37,0.4375
logistic_regression,WDR45,0.8059006211180124
logistic_regression,WDR73,0.5333333333333333
logistic_regression,WFS1,0.8158536585365853
logistic_regression,WWOX,0.7112299465240641
logistic_regression,ZAP70,0.7250000000000001
logistic_regression,ZEB2,0.6927480916030535
logistic_regression,ZIC1,0.5538461538461539
logistic_regression,ZIC3,0.7592592592592593
random_forest,ABCA1,0.8724109362054681
random_forest,ABCA12,0.7331568108267138
random_forest,ABCC2,0.751131221719457
random_forest,ABCC8,0.737747653806048
random_forest,ACP5,0.7166666666666667
random_forest,ADA2,0.8638888888888889
random_forest,ADGRV1,0.7300664451827242
random_forest,AGBL5,0.8800000000000001
random_forest,ALDH18A1,0.6793478260869565
random_forest,ALDH3A2,0.8352272727272727
random_forest,ALDH5A1,0.765008576329331
random_forest,ALDH7A1,0.8412698412698413
random_forest,ALOX12B,0.5735294117647058
random_forest,ALS2,0.9484126984126984
random_forest,AMH,0.7883597883597884
random_forest,AMT,0.7411764705882353
random_forest,ANO10,0.98
random_forest,APOB,0.543377321603128
random_forest,ARID1A,0.8426640926640926
random_forest,ARSG,0.7179487179487178
random_forest,ASL,0.8123711340206186
random_forest,ATP2B3,0.5424242424242425
random_forest,AVP,0.8518518518518519
random_forest,BBS10,0.8962962962962963
random_forest,BCL11B,0.8044397463002113
random_forest,BRAF,0.9087962962962963
random_forest,BRF1,0.8999999999999999
random_forest,C3,0.8701298701298702
random_forest,CACNA1A,0.9197897340754484
random_forest,CAMK2B,0.894
random_forest,CAPN3,0.7755937755937755
random_forest,CARD11,0.9424999999999999
random_forest,CASQ2,0.8518518518518519
random_forest,CDH23,0.8069319319319319
random_forest,CDK13,0.8573066499895768
random_forest,CDKN2A,0.7846153846153846
random_forest,CELSR3,0.6304878048780488
random_forest,CERKL,0.9444444444444444
random_forest,CHD2,0.8573529411764707
random_forest,CHD4,0.9310344827586208
random_forest,CHD5,0.9126984126984127
random_forest,CIT,0.9166666666666666
random_forest,CNOT3,0.9914529914529914
random_forest,COL10A1,0.6603260869565217
random_forest,COL12A1,0.935515873015873
random_forest,COL1A1,0.9600545695634434
random_forest,COL2A1,0.976510989010989
random_forest,COL3A1,0.9946332737030412
random_forest,COL5A2,0.9865174985656913
random_forest,COLQ,0.6333333333333333
random_forest,COPA,0.68
random_forest,COX10,0.8367346938775511
random_forest,CRPPA,0.7619047619047619
random_forest,CTNS,0.7987012987012987
random_forest,CTR9,0.841025641025641
random_forest,CUL7,0.9033333333333333
random_forest,CYFIP2,0.8308080808080808
random_forest,CYP26B1,0.8545454545454545
random_forest,CYP4V2,0.7857142857142857
random_forest,DCTN1,0.8419117647058824
random_forest,DHCR7,0.8362573099415205
random_forest,DLL4,0.8705357142857143
random_forest,DNAAF3,0.5324675324675324
random_forest,DNAI1,0.8181818181818182
random_forest,DNM1,0.7391304347826086
random_forest,DNMT3A,0.96875
random_forest,DNMT3B,0.8538011695906433
random_forest,DOT1L,0.8607142857142858
random_forest,DSG2,0.7351916376306621
random_forest,DYNC2I2,0.5555555555555556
random_forest,EBF3,0.8159574468085107
random_forest,EDAR,0.793859649122807
random_forest,ELAC2,0.7222222222222222
random_forest,ELANE,0.8310032894736842
random_forest,ENG,0.7900641025641025
random_forest,ENPP1,0.8148148148148148
random_forest,EP300,0.8861189032666726
random_forest,ERCC5,0.8791666666666667
random_forest,EYA1,0.9488304093567251
random_forest,EZH2,0.9239766081871345
random_forest,F11,0.6864224137931034
random_forest,F5,0.8401988636363636
random_forest,F8,0.8059731328962099
random_forest,FAM20C,0.9128205128205129
random_forest,FANCI,0.8975155279503105
random_forest,FARS2,0.9125874125874126
random_forest,FECH,0.8892857142857143
random_forest,FGFR1,0.917478882391163
random_forest,FLCN,0.9761904761904763
random_forest,FN1,0.9499698613622665
random_forest,FOXH1,0.8333333333333333
random_forest,FOXP1,0.8498533724340176
random_forest,FRMD7,0.8513931888544891
random_forest,FUS,0.8833333333333334
random_forest,GABRG2,0.7669376693766937
random_forest,GCDH,0.7453488372093022
random_forest,GFAP,0.909452736318408
random_forest,GJA3,0.96415770609319
random_forest,GJB3,0.7
random_forest,GLUD1,0.48015873015873023
random_forest,GNAI1,0.7
random_forest,GNAS,0.8901098901098902
random_forest,GPI,0.5588235294117647
random_forest,GPR143,0.8371212121212122
random_forest,GRIA3,0.875
random_forest,GRIN1,0.6835122242098988
random_forest,GUCY2C,0.6944444444444444
random_forest,HBA1,0.7934027777777777
random_forest,HCN4,0.9894179894179894
random_forest,HECW2,0.8296803652968037
random_forest,HNF1A,0.7745024875621891
random_forest,HNRNPK,0.6909090909090909
random_forest,HSD3B2,0.9068322981366459
random_forest,HTRA1,0.831578947368421
random_forest,IARS1,0.8928571428571429
random_forest,IDUA,0.8877887788778878
random_forest,IFT122,0.9636363636363636
random_forest,IGF1R,0.9411764705882353
random_forest,INF2,0.9122137404580153
random_forest,JAK3,0.7490118577075099
random_forest,KCNC3,0.7828947368421053
random_forest,KCND3,0.9541666666666667
random_forest,KCNJ11,0.6341463414634146
random_forest,KCNJ5,0.8958333333333333
random_forest,KCNQ3,0.8939393939393939
random_forest,KIF11,0.855603448275862
random_forest,KRT6A,0.9826839826839827
random_forest,LCAT,0.64
random_forest,LDLR,0.8544811320754716
random_forest,LIPA,0.6973392461197339
random_forest,LOX,0.8714285714285714
random_forest,LPAR6,0.8333333333333335
random_forest,LRRK2,0.7625000000000001
random_forest,LRSAM1,0.9400000000000001
random_forest,LYST,0.9308755760368663
random_forest,MAP3K7,0.9027777777777777
random_forest,MBTPS1,0.8769230769230769
random_forest,MC2R,0.7763157894736842
random_forest,MEGF10,0.9666666666666668
random_forest,MEN1,0.8883620689655172
random_forest,MFN2,0.7521008403361344
random_forest,MFRP,0.92
random_forest,MITF,0.9391304347826087
random_forest,MNX1,0.85
random_forest,MTRR,0.7894736842105263
random_forest,MTTP,0.868421052631579
random_forest,MYH2,0.8363636363636364
random_forest,MYO6,0.8125
random_forest,MYOC,0.9162393162393162
random_forest,MYOT,0.48571428571428577
random_forest,MYRF,0.886904761904762
random_forest,NDUFA10,0.8333333333333334
random_forest,NFKBIA,0.32352941176470584
random_forest,NLRP1,0.627027027027027
random_forest,NOTCH2,0.8571428571428571
random_forest,NR2E3,0.920940170940171
random_forest,NR2F1,0.8033509700176367
random_forest,NR4A2,0.8708133971291866
random_forest,NTRK1,0.8347107438016529
random_forest,NUP107,0.75
random_forest,OSMR,0.72
random_forest,PAK1,0.7565217391304349
random_forest,PCSK9,0.7192307692307691
random_forest,PDE6B,0.875
random_forest,PDHA1,0.8761022927689593
random_forest,PEX6,0.7071611253196931
random_forest,PGAP3,0.9722222222222223
random_forest,PGK1,0.7202380952380952
random_forest,PHIP,0.7393753200204813
random_forest,PIGS,0.8
random_forest,PIGW,0.761904761904762
random_forest,PMP2,0.7142857142857143
random_forest,PNPT1,0.952991452991453
random_forest,POGZ,0.8538359788359788
random_forest,POLRMT,0.7951127819548872
random_forest,POMT2,0.9131944444444444
random_forest,PPA2,0.7222222222222222
random_forest,PQBP1,0.8333333333333334
random_forest,PRKCG,0.9882352941176471
random_forest,PRMT7,0.8999999999999999
random_forest,PRPH2,0.8776455026455026
random_forest,PTCH1,0.9319136745607334
random_forest,PTPN11,0.8016528925619835
random_forest,PUS7,0.72
random_forest,RAB3GAP2,0.8769230769230769
random_forest,RAG2,0.8198653198653199
random_forest,RAI1,0.6410045286125977
random_forest,RALA,0.6666666666666666
random_forest,RDH5,0.9423076923076923
random_forest,RHO,0.7816820276497695
random_forest,RMND1,0.7159090909090908
random_forest,RTEL1,0.81
random_forest,SCN1A,0.8736786469344607
random_forest,SCNN1B,0.6458333333333334
random_forest,SETD1A,0.6522988505747127
random_forest,SETD2,0.8853994490358127
random_forest,SH3TC2,0.811965811965812
random_forest,SHANK3,0.7977272727272728
random_forest,SHH,0.5880681818181819
random_forest,SLC20A2,0.8125
random_forest,SLC25A46,0.8333333333333333
random_forest,SLC2A1,0.739855072463768
random_forest,SLC2A2,0.8571428571428572
random_forest,SLC34A3,0.9333333333333332
random_forest,SLC38A8,0.9251700680272108
random_forest,SLC40A1,0.8552631578947368
random_forest,SLC52A3,0.9012345679012346
random_forest,SLC6A5,0.906060606060606
random_forest,SMC3,0.823
random_forest,SNAP25,0.680672268907563
random_forest,SOX6,0.736111111111111
random_forest,SOX9,0.9503968253968254
random_forest,SPG11,0.742063492063492
random_forest,SPG7,0.8694444444444446
random_forest,SPINT2,0.9642857142857143
random_forest,STAG1,0.8506944444444445
random_forest,STAG2,0.6535714285714287
random_forest,STAT6,0.9
random_forest,SUMF1,0.8310185185185185
random_forest,SYNGAP1,0.8891147540983607
random_forest,TAOK1,0.861111111111111
random_forest,TARS2,0.8229166666666667
random_forest,TEK,0.8908045977011494
random_forest,TFR2,0.9033613445378151
random_forest,TGFB2,0.8809523809523809
random_forest,THOC2,0.9111111111111111
random_forest,TJP2,0.703125
random_forest,TMEM231,0.4453781512605042
random_forest,TP63,0.8636363636363636
random_forest,TRAF7,0.7335526315789473
random_forest,TRIO,0.7886215092097445
random_forest,TRPV3,0.976
random_forest,TSC1,0.9584859584859585
random_forest,TSHR,0.8507936507936507
random_forest,VARS1,0.7044534412955467
random_forest,VPS13D,0.6761904761904762
random_forest,WAS,0.9027777777777777
random_forest,WASHC5,0.8166666666666668
random_forest,WDR37,0.65625
random_forest,WDR45,0.8090062111801242
random_forest,WDR73,0.43333333333333335
random_forest,WFS1,0.814430894308943
random_forest,WWOX,0.6684491978609626
random_forest,ZAP70,0.725
random_forest,ZEB2,0.7207379134860051
random_forest,ZIC1,0.5692307692307692
random_forest,ZIC3,0.7407407407407407
esm2_head,ABCA1,0.9805302402651201
esm2_head,ABCA12,0.9405707561047367
esm2_head,ABCC2,0.9457013574660633
esm2_head,ABCC8,0.9155370177267987
esm2_head,ACP5,0.9833333333333334
esm2_head,ADA2,0.9277777777777778
esm2_head,ADGRV1,0.7041528239202658
esm2_head,AGBL5,0.9400000000000001
esm2_head,ALDH18A1,0.8804347826086957
esm2_head,ALDH3A2,0.9507575757575758
esm2_head,ALDH5A1,0.9416809605488851
esm2_head,ALDH7A1,0.891156462585034
esm2_head,ALOX12B,0.9352941176470588
esm2_head,ALS2,0.9603174603174603
esm2_head,AMH,0.962962962962963
esm2_head,AMT,0.9352941176470588
esm2_head,ANO10,0.84
esm2_head,APOB,0.6549364613880744
esm2_head,ARID1A,0.8516731016731017
esm2_head,ARSG,1.0
esm2_head,ASL,0.9422680412371134
esm2_head,ATP2B3,0.6303030303030303
esm2_head,AVP,0.837037037037037
esm2_head,BBS10,0.9481481481481482
esm2_head,BCL11B,0.9069767441860466
esm2_head,BRAF,1.0
esm2_head,BRF1,0.8666666666666667
esm2_head,C3,0.7532467532467533
esm2_head,CACNA1A,0.9760667903525047
esm2_head,CAMK2B,0.9279999999999999
esm2_head,CAPN3,0.7796887796887796
esm2_head,CARD11,0.9875
esm2_head,CASQ2,1.0
esm2_head,CDH23,0.933933933933934
esm2_head,CDK13,0.9685219929122367
esm2_head,CDKN2A,0.8835164835164836
esm2_head,CELSR3,0.7926829268292683
esm2_head,CERKL,0.7222222222222223
esm2_head,CHD2,0.9232142857142858
esm2_head,CHD4,0.9680715197956578
esm2_head,CHD5,0.9563492063492064
esm2_head,CIT,0.9666666666666667
esm2_head,CNOT3,0.952991452991453
esm2_head,COL10A1,0.6920289855072463
esm2_head,COL12A1,0.9490740740740741
esm2_head,COL1A1,0.9827621379028968
esm2_head,COL2A1,0.9869677197802197
esm2_head,COL3A1,0.9948215798888994
esm2_head,COL5A2,0.9896729776247849
esm2_head,COLQ,0.9533333333333334
esm2_head,COPA,0.7971428571428572
esm2_head,COX10,1.0
esm2_head,CRPPA,0.9682539682539683
esm2_head,CTNS,0.9448051948051948
esm2_head,CTR9,0.8769230769230769
esm2_head,CUL7,0.7433333333333333
esm2_head,CYFIP2,0.702020202020202
esm2_head,CYP26B1,0.9636363636363636
esm2_head,CYP4V2,0.9583333333333333
esm2_head,DCTN1,0.9448529411764706
esm2_head,DHCR7,0.9166666666666667
esm2_head,DLL4,0.9955357142857143
esm2_head,DNAAF3,0.8181818181818181
esm2_head,DNAI1,0.9393939393939394
esm2_head,DNM1,0.8555491990846682
esm2_head,DNMT3A,1.0
esm2_head,DNMT3B,0.9649122807017544
esm2_head,DOT1L,0.8857142857142857
esm2_head,DSG2,0.9512195121951219
esm2_head,DYNC2I2,0.9012345679012346
esm2_head,EBF3,0.9659574468085107
esm2_head,EDAR,0.9078947368421053
esm2_head,ELAC2,0.9537037037037037
esm2_head,ELANE,0.8700657894736842
esm2_head,ENG,0.8179708222811671
esm2_head,ENPP1,1.0
esm2_head,EP300,0.9433987874400507
esm2_head,ERCC5,0.9666666666666667
esm2_head,EYA1,0.9005847953216374
esm2_head,EZH2,0.9064327485380117
esm2_head,F11,0.7952586206896552
esm2_head,F5,0.9232954545454546
esm2_head,F8,0.9325523748600671
esm2_head,FAM20C,0.9333333333333333
esm2_head,FANCI,0.7888198757763975
esm2_head,FARS2,0.9685314685314685
esm2_head,FECH,0.9571428571428571
esm2_head,FGFR1,0.9473684210526316
esm2_head,FLCN,0.9404761904761905
esm2_head,FN1,0.9590114526823388
esm2_head,FOXH1,0.9166666666666667
esm2_head,FOXP1,0.9574780058651026
esm2_head,FRMD7,0.9195046439628483
esm2_head,FUS,0.7
esm2_head,GABRG2,1.0
esm2_head,GCDH,0.8174418604651162
esm2_head,GFAP,0.8786069651741293
esm2_head,GJA3,0.985663082437276
esm2_head,GJB3,0.39
esm2_head,GLUD1,0.7777777777777778
esm2_head,GNAI1,1.0
esm2_head,GNAS,0.8131868131868132
esm2_head,GPI,0.872549019607843
esm2_head,GPR143,0.7992424242424242
esm2_head,GRIA3,0.9940476190476191
esm2_head,GRIN1,0.8387000596302923
esm2_head,GUCY2C,0.875
esm2_head,HBA1,0.9131944444444443
esm2_head,HCN4,1.0
esm2_head,HECW2,0.9246575342465754
esm2_head,HNF1A,0.9485074626865672
esm2_head,HNRNPK,0.9636363636363636
esm2_head,HSD3B2,0.9503105590062112
esm2_head,HTRA1,1.0
esm2_head,IARS1,0.9155844155844155
esm2_head,IDUA,0.8491749174917492
esm2_head,IFT122,0.8545454545454546
esm2_head,IGF1R,0.9529411764705882
esm2_head,INF2,0.9821374045801528
esm2_head,JAK3,0.9130434782608695
esm2_head,KCNC3,0.7763157894736842
esm2_head,KCND3,0.9500000000000001
esm2_head,KCNJ11,0.7878048780487805
esm2_head,KCNJ5,1.0
esm2_head,KCNQ3,0.9727272727272728
esm2_head,KIF11,0.8254310344827587
esm2_head,KRT6A,0.9437229437229437
esm2_head,LCAT,0.8799999999999999
esm2_head,LDLR,0.9492017416545719
esm2_head,LIPA,0.9113082039911308
esm2_head,LOX,0.9714285714285715
esm2_head,LPAR6,0.8333333333333334
esm2_head,LRRK2,0.8928571428571429
esm2_head,LRSAM1,1.0
esm2_head,LYST,0.9170506912442395
esm2_head,MAP3K7,0.8888888888888888
esm2_head,MBTPS1,0.9230769230769231
esm2_head,MC2R,0.9649122807017544
esm2_head,MEGF10,1.0
esm2_head,MEN1,0.9870689655172413
esm2_head,MFN2,0.9630252100840336
esm2_head,MFRP,1.0
esm2_head,MITF,1.0
esm2_head,MNX1,1.0
esm2_head,MTRR,0.9385964912280702
esm2_head,MTTP,0.9912280701754387
esm2_head,MYH2,0.9636363636363636
esm2_head,MYO6,0.71875
esm2_head,MYOC,0.9777777777777777
esm2_head,MYOT,0.7428571428571429
esm2_head,MYRF,0.8809523809523809
esm2_head,NDUFA10,0.7857142857142857
esm2_head,NFKBIA,0.7647058823529411
esm2_head,NLRP1,0.8378378378378378
esm2_head,NOTCH2,0.8571428571428572
esm2_head,NR2E3,0.9230769230769231
esm2_head,NR2F1,0.982363315696649
esm2_head,NR4A2,0.8660287081339713
esm2_head,NTRK1,0.9779614325068872
esm2_head,NUP107,0.9444444444444445
esm2_head,OSMR,0.8200000000000001
esm2_head,PAK1,0.9391304347826087
esm2_head,PCSK9,0.6230769230769231
esm2_head,PDE6B,0.8307291666666666
esm2_head,PDHA1,0.919973544973545
esm2_head,PEX6,0.8670076726342711
esm2_head,PGAP3,0.9537037037037037
esm2_head,PGK1,0.6825396825396824
esm2_head,PHIP,0.9201228878648233
esm2_head,PIGS,0.8461538461538463
esm2_head,PIGW,0.7857142857142857
esm2_head,PMP2,0.8285714285714286
esm2_head,PNPT1,0.982905982905983
esm2_head,POGZ,0.8928571428571429
esm2_head,POLRMT,0.943609022556391
esm2_head,POMT2,0.9340277777777777
esm2_head,PPA2,0.9841269841269841
esm2_head,PQBP1,0.9666666666666668
esm2_head,PRKCG,0.9764705882352941
esm2_head,PRMT7,1.0
esm2_head,PRPH2,0.8994708994708994
esm2_head,PTCH1,0.9290488922841864
esm2_head,PTPN11,0.662534435261708
esm2_head,PUS7,0.92
esm2_head,RAB3GAP2,0.8923076923076922
esm2_head,RAG2,0.9393939393939394
esm2_head,RAI1,0.7050226430629889
esm2_head,RALA,1.0
esm2_head,RDH5,0.8717948717948718
esm2_head,RHO,0.7557603686635945
esm2_head,RMND1,0.8863636363636364
esm2_head,RTEL1,0.924
esm2_head,SCN1A,0.9498432601880877
esm2_head,SCNN1B,0.8541666666666666
esm2_head,SETD1A,0.693103448275862
esm2_head,SETD2,0.9691460055096419
esm2_head,SH3TC2,1.0
esm2_head,SHANK3,0.9261363636363635
esm2_head,SHH,0.9412878787878788
esm2_head,SLC20A2,0.9635416666666667
esm2_head,SLC25A46,0.9074074074074074
esm2_head,SLC2A1,0.9434782608695652
esm2_head,SLC2A2,0.961038961038961
esm2_head,SLC34A3,0.856140350877193
esm2_head,SLC38A8,0.7551020408163265
esm2_head,SLC40A1,0.9967105263157895
esm2_head,SLC52A3,0.9753086419753086
esm2_head,SLC6A5,0.9727272727272727
esm2_head,SMC3,0.91
esm2_head,SNAP25,0.8319327731092437
esm2_head,SOX6,0.8958333333333334
esm2_head,SOX9,0.9722222222222222
esm2_head,SPG11,0.7222222222222222
esm2_head,SPG7,0.9055555555555556
esm2_head,SPINT2,1.0
esm2_head,STAG1,0.8680555555555556
esm2_head,STAG2,0.8500000000000001
esm2_head,STAT6,1.0
esm2_head,SUMF1,1.0
esm2_head,SYNGAP1,0.8750163934426229
esm2_head,TAOK1,0.9722222222222222
esm2_head,TARS2,0.7916666666666667
esm2_head,TEK,0.9578544061302682
esm2_head,TFR2,0.7899159663865547
esm2_head,TGFB2,0.9761904761904762
esm2_head,THOC2,0.8666666666666667
esm2_head,TJP2,0.6875
esm2_head,TMEM231,0.7310924369747899
esm2_head,TP63,0.9272727272727272
esm2_head,TRAF7,0.7138157894736842
esm2_head,TRIO,0.7771836007130125
esm2_head,TRPV3,1.0
esm2_head,TSC1,0.9358974358974359
esm2_head,TSHR,0.9238095238095237
esm2_head,VARS1,0.8380566801619433
esm2_head,VPS13D,0.9547619047619048
esm2_head,WAS,0.9761904761904762
esm2_head,WASHC5,0.9
esm2_head,WDR37,0.4625
esm2_head,WDR45,0.8509316770186335
esm2_head,WDR73,0.9333333333333333
esm2_head,WFS1,0.8615853658536585
esm2_head,WWOX,0.8342245989304813
esm2_head,ZAP70,1.0
esm2_head,ZEB2,0.9508057675996607
esm2_head,ZIC1,0.9153846153846154
esm2_head,ZIC3,1.0
